JobTitle,Company,Location,ApplyURL
"연구소 C#(WPF), C++(MFC), APP, Web , 영상처리 정규직 채용",(주)슈가폴,서울구로구,https://www.saramin.co.kr/zf_user/jobs/relay/view?view_type=search&rec_idx=40115781&location=ts&searchword=WPF&searchType=auto&paid_fl=n
C# WPF 경력직 채용,주식회사 덴트웹,서울서초구,https://www.saramin.co.kr/zf_user/jobs/relay/view?view_type=search&rec_idx=40050577&location=ts&searchword=WPF&searchType=auto&paid_fl=n
[마켓비] 홈퍼니싱 브랜드 C# WPF 개발자 채용공고,마켓비,경기파주시,https://www.saramin.co.kr/zf_user/jobs/relay/view?view_type=search&rec_idx=40146740&location=ts&searchword=WPF&searchType=auto&paid_fl=n
[신입/경력]  C# WPF 개발 엔지니어 채용,BIMPeers,서울서초구,https://www.saramin.co.kr/zf_user/jobs/relay/view?view_type=search&rec_idx=40106403&location=ts&searchword=WPF&searchType=auto&paid_fl=n
"응용소프트웨어(C#, WPF, WCF), 펌웨어(C, C++)개발자 모집",(주)코아칩스,경기수원시 권선구,https://www.saramin.co.kr/zf_user/jobs/relay/view?view_type=search&rec_idx=39760066&location=ts&searchword=WPF&searchType=auto&paid_fl=n
"S/W장비제어, 영상처리 머신비젼 ( C#, WPF, C++,LABVIEW (랩뷰)",(주)혜인시스템,경기화성시,https://www.saramin.co.kr/zf_user/jobs/relay/view?view_type=search&rec_idx=39949772&location=ts&searchword=WPF&searchType=auto&paid_fl=n
C/C++/WPF 전문개발자 모집,(주)비젼인,서울금천구,https://www.saramin.co.kr/zf_user/jobs/relay/view?view_type=search&rec_idx=39796318&location=ts&searchword=WPF&searchType=auto&paid_fl=n
윈도우 SW 개발자 채용(C# WPF),(주)아이엠티에스,경기용인시 기흥구,https://www.saramin.co.kr/zf_user/jobs/relay/view?view_type=search&rec_idx=40001040&location=ts&searchword=WPF&searchType=auto&paid_fl=n
"(주)필라넷 C#, .Net, WPF 개발자 프리랜서 채용(여의도)",㈜필라넷,서울영등포구,https://www.saramin.co.kr/zf_user/jobs/relay/view?view_type=search&rec_idx=40120636&location=ts&searchword=WPF&searchType=auto&paid_fl=n
C#(WPF)&ASP.Net or Apache Tomcat 프로그래머 경력,(주)엠라인스튜디오,서울강남구,https://www.saramin.co.kr/zf_user/jobs/relay/view?view_type=search&rec_idx=39789368&location=ts&searchword=WPF&searchType=auto&paid_fl=n
"[경력] C++(MFC), C#(WPF or Winform) 개발 PM/PL - 군포 근무",(주)스카우트플랜,서울강남구,https://www.saramin.co.kr/zf_user/jobs/relay/view?view_type=search&rec_idx=40143184&location=ts&searchword=WPF&searchType=auto&paid_fl=n
C샵 WPF JAVA 철강사 및 병원업무 개발 또는 운영-전국,연우정보기술(주),서울금천구,https://www.saramin.co.kr/zf_user/jobs/relay/view?view_type=search&rec_idx=39970718&location=ts&searchword=WPF&searchType=auto&paid_fl=n
[용인] 씨샵 WPF 세브란스병원 원무심사청구 고급이상 운영 1명,(주)에이치에스피,경기용인시 기흥구,https://www.saramin.co.kr/zf_user/jobs/relay/view?view_type=search&rec_idx=40137206&location=ts&searchword=WPF&searchType=auto&paid_fl=n
AI 기반 응용프로그램 개발자 채용(C# WPF),(주)넥스트케이,경기성남시 분당구,https://www.saramin.co.kr/zf_user/jobs/relay/view?view_type=search&rec_idx=39921168&location=ts&searchword=WPF&searchType=auto&paid_fl=n
"SW개발 인력 모집(DB, C#, WPF,Winform, SPC)",(주)미르기술,경기군포시,https://www.saramin.co.kr/zf_user/jobs/relay/view?view_type=search&rec_idx=40097542&location=ts&searchword=WPF&searchType=auto&paid_fl=n
윈도우 응용프로그램 개발자,영인크로매스(주),경기안양시 동안구,https://www.saramin.co.kr/zf_user/jobs/relay/view?view_type=search&rec_idx=39968977&location=ts&searchword=WPF&searchType=auto&paid_fl=n
C# 프로그램 개발자 채용,(주)네오정보시스템,경기성남시,https://www.saramin.co.kr/zf_user/jobs/relay/view?view_type=search&rec_idx=40080545&location=ts&searchword=WPF&searchType=auto&paid_fl=n
C# 개발자 경력직 채용,(주)산하정보기술,서울금천구,https://www.saramin.co.kr/zf_user/jobs/relay/view?view_type=search&rec_idx=40115263&location=ts&searchword=WPF&searchType=auto&paid_fl=n
소프트웨어 프로그램 개발자,(주)아이디정보시스템,서울금천구,https://www.saramin.co.kr/zf_user/jobs/relay/view?view_type=search&rec_idx=39715673&location=ts&searchword=WPF&searchType=auto&paid_fl=n
SW 개발,참엔지니어링(주),경기용인시 처인구,https://www.saramin.co.kr/zf_user/jobs/relay/view?view_type=search&rec_idx=39760744&location=ts&searchword=WPF&searchType=auto&paid_fl=n
시스템 담당자 채용,(주)세인트시큐리티,서울강남구,https://www.saramin.co.kr/zf_user/jobs/relay/view?view_type=search&rec_idx=40097302&location=ts&searchword=WPF&searchType=auto&paid_fl=n
[헬스케어 서비스] Windows Client 개발자,(주)세나클소프트,서울강남구,https://www.saramin.co.kr/zf_user/jobs/relay/view?view_type=search&rec_idx=39739798&location=ts&searchword=WPF&searchType=auto&paid_fl=n
[생각대로] 배달플랫폼 본사 개발자/영업(B2B)/CS/법무/경영관리,(주)로지올,서울서초구,https://www.saramin.co.kr/zf_user/jobs/relay/view?view_type=search&rec_idx=39994524&location=ts&searchword=WPF&searchType=auto&paid_fl=n
현대오토에버 경력사원 대규모 상시 채용,현대오토에버(주),서울강남구,https://www.saramin.co.kr/zf_user/jobs/relay/view?view_type=search&rec_idx=39747157&location=ts&searchword=WPF&searchType=auto&paid_fl=n
㈜한컴위드 각 부문 경력직 채용,(주)한컴위드,경기성남시 분당구,https://www.saramin.co.kr/zf_user/jobs/relay/view?view_type=search&rec_idx=40006232&location=ts&searchword=WPF&searchType=auto&paid_fl=n
2021 상반기 신입/경력 대규모 채용,슈어소프트테크(주),서울강남구,https://www.saramin.co.kr/zf_user/jobs/relay/view?view_type=search&rec_idx=40134284&location=ts&searchword=WPF&searchType=auto&paid_fl=n
채널사업(KIOSK)/주차사업(영업)/IT개발/CS기기관리 수시채용,한국전자금융(주),서울마포구,https://www.saramin.co.kr/zf_user/jobs/relay/view?view_type=search&rec_idx=40126087&location=ts&searchword=WPF&searchType=auto&paid_fl=n
"응용개발자 및 CIM통신, Web개발자를 부문별 채용합니다.",(주)미래로시스템,경기용인시 기흥구,https://www.saramin.co.kr/zf_user/jobs/relay/view?view_type=search&rec_idx=40031292&location=ts&searchword=WPF&searchType=auto&paid_fl=n
R&D 경력직모집(임베디드 프로그래밍 & Windows/Android앱,(주)보라스카이,경기화성시,https://www.saramin.co.kr/zf_user/jobs/relay/view?view_type=search&rec_idx=39911617&location=ts&searchword=WPF&searchType=auto&paid_fl=n
[정규직] 소프트웨어 개발/응용/분석 신입 채용 앱/C#/C++,(주)한국모니터링시스템,서울영등포구,https://www.saramin.co.kr/zf_user/jobs/relay/view?view_type=search&rec_idx=40062467&location=ts&searchword=WPF&searchType=auto&paid_fl=n
응용프로그램(Windows/C·C++/C# 부분) 및 AI 개발자 채용,렉스젠(주),경기안양시,https://www.saramin.co.kr/zf_user/jobs/relay/view?view_type=search&rec_idx=40078135&location=ts&searchword=WPF&searchType=auto&paid_fl=n
ERP /웹/앱/ 시스템/ 인프라/ 네트웍/ 서버/보안 부문 경력 채용,현대오토에버(주),서울강남구,https://www.saramin.co.kr/zf_user/jobs/relay/view?view_type=search&rec_idx=40118245&location=ts&searchword=WPF&searchType=auto&paid_fl=n
.NET  UI 어플리케이션 개발자 채용 (경력),(주)미래로시스템,경기용인시 기흥구,https://www.saramin.co.kr/zf_user/jobs/relay/view?view_type=search&rec_idx=39988613&location=ts&searchword=WPF&searchType=auto&paid_fl=n
비전 임베디드 리눅스/인공지능 AI/PC 윈도우 어플리케이션 개발,(주)동일기연,경기안양시 동안구,https://www.saramin.co.kr/zf_user/jobs/relay/view?view_type=search&rec_idx=40133767&location=ts&searchword=WPF&searchType=auto&paid_fl=n
[EMS개발팀]  Java/JSP/Spring 및 C# 경력 개발자 모집,(주)비엠티,서울금천구,https://www.saramin.co.kr/zf_user/jobs/relay/view?view_type=search&rec_idx=40145024&location=ts&searchword=WPF&searchType=auto&paid_fl=n
[서울] 솔루션개발팀 PM / PL 급 개발자 채용공고[경력],(주)아이디정보시스템,서울금천구,https://www.saramin.co.kr/zf_user/jobs/relay/view?view_type=search&rec_idx=40056080&location=ts&searchword=WPF&searchType=auto&paid_fl=n
(주)브로드씨엔에스 2021년 정규직 경력직 모집,(주)브로드씨엔에스,서울구로구,https://www.saramin.co.kr/zf_user/jobs/relay/view?view_type=search&rec_idx=40061195&location=ts&searchword=WPF&searchType=auto&paid_fl=n
Application Engineer - Tech Lead,세이지리서치(주),서울서초구,https://www.saramin.co.kr/zf_user/jobs/relay/view?view_type=search&rec_idx=39935971&location=ts&searchword=WPF&searchType=auto&paid_fl=n
머신비전/검사장비 SW 개발 엔지니어 모집,(주)피아이이,경기화성시,https://www.saramin.co.kr/zf_user/jobs/relay/view?view_type=search&rec_idx=40052152&location=ts&searchword=WPF&searchType=auto&paid_fl=n
"(주)넷아이디 개발자, 엔지니어, 디자이너 신입 및 경력 채용",(주)넷아이디,서울강남구,https://www.saramin.co.kr/zf_user/jobs/relay/view?view_type=search&rec_idx=39881790&location=ts&searchword=WPF&searchType=auto&paid_fl=n
"[KG이니시스] POS / KIOSK, 웹서비스 개발자 채용 (C#, WPF)",㈜케이지이니시스,서울 중구,https://www.jobkorea.co.kr//Recruit/GI_Read/34567809?Oem_Code=C1&logpath=1
"응용SW(C#, WPF, GUI) 개발자 신입 및 경력 모집",올제텍㈜,대전 유성구 외,https://www.jobkorea.co.kr//Recruit/GI_Read/34632327?Oem_Code=C1&logpath=1
WPF GUI 프로그래머 모집,와이제이링크,대구 달성군,https://www.jobkorea.co.kr//Recruit/GI_Read/34630719?Oem_Code=C1&logpath=1
"[용인]C#, WPF 세브란스병원 원무 심사청구 운영 1명 고급이상 즉시",㈜에이치에스피,경기 용인시,https://www.jobkorea.co.kr//Recruit/GI_Read/34608853?Oem_Code=C1&logpath=1
C#(WPF) 중급 이상 개발자 채용합니다.,㈜지디엘시스템,대전 유성구,https://www.jobkorea.co.kr//Recruit/GI_Read/34586409?Oem_Code=C1&logpath=1
"C# (WinForm, WPF, UWP) 개발자 모집",㈜네트콤,서울 영등포구,https://www.jobkorea.co.kr//Recruit/GI_Read/34571551?Oem_Code=C1&logpath=1
1.C# WPF JAVA 병원개발업무-서울/분당/일산/충남외,연우정보기술㈜,서울,https://www.jobkorea.co.kr//Recruit/GI_Read/34561844?Oem_Code=C1&logpath=1
C#(WPF)&ASP.Net or Apache Tomcat 프로그래머 경력,㈜엠라인스튜디오,서울 강남구,https://www.jobkorea.co.kr//Recruit/GI_Read/34529499?Oem_Code=C1&logpath=1
C# WPF 경력직 채용,덴트웹,서울 서초구,https://www.jobkorea.co.kr//Recruit/GI_Read/34493418?Oem_Code=C1&logpath=1
"영상처리, C# WPF, C++ MFC, APP, WEB 개발자를 모십니다.",㈜슈가폴,서울 구로구,https://www.jobkorea.co.kr//Recruit/GI_Read/34466862?Oem_Code=C1&logpath=1
5.C# WPF 병원업무 운영업무-일산,세방정보시스템,서울 금천구 외,https://www.jobkorea.co.kr//Recruit/GI_Read/34423582?Oem_Code=C1&logpath=1
[경력] WPF 개발자 모집,㈜오픈에스지,경기 성남시 외,https://www.jobkorea.co.kr//Recruit/GI_Read/34380857?Oem_Code=C1&logpath=1
[신입/경력] C# WPF 개발 엔지니어 채용,빔피어스,서울 서초구,https://www.jobkorea.co.kr//Recruit/GI_Read/34364413?Oem_Code=C1&logpath=1
[이천] C# WPF 장기 운영 중급 모집합니다.,㈜동그라미소프트 (Donggr,경기 이천시,https://www.jobkorea.co.kr//Recruit/GI_Read/34253014?Oem_Code=C1&logpath=1
C# WPF 대학병원업무개발/운영-분당/일산,연우정보기술㈜,서울 서초구,https://www.jobkorea.co.kr//Recruit/GI_Read/34125037?Oem_Code=C1&logpath=1
"C# / WPF /.NET 경력 개발자 모집, 면접비 지급",㈜클라모스,서울 구로구 외,https://www.jobkorea.co.kr//Recruit/GI_Read/34117669?Oem_Code=C1&logpath=1
C# WPF JAVA 병원업무 개발운영 프로그래머 수시모집-서울/경기/대전외,세방정보시스템,서울 금천구 외,https://www.jobkorea.co.kr//Recruit/GI_Read/34100833?Oem_Code=C1&logpath=1
C# WPF 개발자 모집,에이아이정보기술,대전 유성구,https://www.jobkorea.co.kr//Recruit/GI_Read/34092797?Oem_Code=C1&logpath=1
UI / UX 개발자 모집(C# / WPF),넥스트케이,경기 용인시,https://www.jobkorea.co.kr//Recruit/GI_Read/34048214?Oem_Code=C1&logpath=1
8.C# WPF 병원 업무운영-강동구,세방정보시스템,서울 전지역,https://www.jobkorea.co.kr//Recruit/GI_Read/34022669?Oem_Code=C1&logpath=1
C# WPF 프로그램 개발자 경력 채용,브이유텍,경기 용인시,https://www.jobkorea.co.kr//Recruit/GI_Read/33982237?Oem_Code=C1&logpath=1
[경력]Windows Client(C# WPF) 개발자 채용,㈜세나클소프트,서울 강남구,https://www.jobkorea.co.kr//Recruit/GI_Read/33944963?Oem_Code=C1&logpath=1
"Winform, wpf. C# 기반 콘텐츠 개발자",넷블루,대구 동구,https://www.jobkorea.co.kr//Recruit/GI_Read/33914534?Oem_Code=C1&logpath=1
각 부문별 신입/경력사원 모집,이지케어텍㈜,서울 중구 외,https://www.jobkorea.co.kr//Recruit/GI_Read/34608580?Oem_Code=C1&logpath=1
2021 상반기 신입/경력 대규모 채용,슈어소프트테크㈜,서울 강남구,https://www.jobkorea.co.kr//Recruit/GI_Read/34605726?Oem_Code=C1&logpath=1
채널사업(KIOSK)부문/주차사업(영업)부문/IT개발부문/CS기기관리부문 신입/경력 직원 수시채용,한국전자금융㈜,서울 영등포구 외,https://www.jobkorea.co.kr//Recruit/GI_Read/34593612?Oem_Code=C1&logpath=1
2021년 기획설계/프로그램.디자인파트 신입 / 경력사원 모집,㈜세이프티아,경기 성남시,https://www.jobkorea.co.kr//Recruit/GI_Read/34631946?Oem_Code=C1&logpath=1
[이지케어텍] SW 개발자 상시모집,이지케어텍㈜,서울 중구 외,https://www.jobkorea.co.kr//Recruit/GI_Read/34399696?Oem_Code=C1&logpath=1
"[2021-4. 2차-신입,경력] C# 응용프로그램 개발자 채용",진코퍼레이션,서울 금천구,https://www.jobkorea.co.kr//Recruit/GI_Read/34360794?Oem_Code=C1&logpath=1
신입 프로그래머 채용,㈜투윈스컴,서울 성동구,https://www.jobkorea.co.kr//Recruit/GI_Read/34605808?Oem_Code=C1&logpath=1
비전 인공지능(AI)/임베디드 리눅스(Embedded Linux)/윈도우 어플리케이션(Window Application) 개발자 모집-급여우대,㈜동일기연,경기 안양시,https://www.jobkorea.co.kr//Recruit/GI_Read/34605198?Oem_Code=C1&logpath=1
2021 박사 상시 채용[SW설계],세메스,충남 천안시 외,https://www.jobkorea.co.kr//Recruit/GI_Read/34542858?Oem_Code=C1&logpath=1
2021 박사 상시 채용,세메스,충남 천안시 외,https://www.jobkorea.co.kr//Recruit/GI_Read/34542839?Oem_Code=C1&logpath=1
[기술지원본부] Windows Application 개발자 경력 채용,㈜액토즈소프트,서울 강남구 외,https://www.jobkorea.co.kr//Recruit/GI_Read/34506547?Oem_Code=C1&logpath=1
[경력] C++/C# Application 개발자 모집,㈜인콘,서울 구로구,https://www.jobkorea.co.kr//Recruit/GI_Read/34447600?Oem_Code=C1&logpath=1
(주)인피니트헬스케어 SW개발 전문연구요원 모집,㈜인피니트헬스케어,서울 구로구,https://www.jobkorea.co.kr//Recruit/GI_Read/34344664?Oem_Code=C1&logpath=1
"C#, C++, MFC, 딥러닝 자신있는분 지원해주세요",이노뎁㈜,서울 구로구 외,https://www.jobkorea.co.kr//Recruit/GI_Read/34332199?Oem_Code=C1&logpath=1
2021년 (주)포인트닉스 직원 채용,㈜포인트닉스,경기 수원시 외,https://www.jobkorea.co.kr//Recruit/GI_Read/34303062?Oem_Code=C1&logpath=1
"[일진그룹 계열사] 의료기기 SW 개발자 모집 (C++,windows)",알피니언메디칼시스템㈜,경기 안양시,https://www.jobkorea.co.kr//Recruit/GI_Read/34263803?Oem_Code=C1&logpath=1
시스템 개발/운영/인프라/보안/ERP 부문 경력채용,현대오토에버㈜,서울 강남구 외,https://www.jobkorea.co.kr//Recruit/GI_Read/34236722?Oem_Code=C1&logpath=1
현대오토에버 경력사원 대규모 상시 채용,현대오토에버㈜,경기 전지역 외,https://www.jobkorea.co.kr//Recruit/GI_Read/34221018?Oem_Code=C1&logpath=1
[구미] oo이노텍 c# MES 개발과제,디지토피아,서울 금천구 외,https://www.jobkorea.co.kr//Recruit/GI_Read/34619010?Oem_Code=C1&logpath=1
소프트웨어 엔지니어 채용공고,㈜필드큐어,서울 성북구 외,https://www.jobkorea.co.kr//Recruit/GI_Read/34607438?Oem_Code=C1&logpath=1
C#.NET 개발경력자를 모집합니다.,아이티엠커뮤니케이션㈜,서울 강서구,https://www.jobkorea.co.kr//Recruit/GI_Read/34568374?Oem_Code=C1&logpath=1
WEB개발자 및 응용 프로그램 개발자를 부문별 채용합니다. (경력직),㈜미래로시스템,경기 용인시,https://www.jobkorea.co.kr//Recruit/GI_Read/34546421?Oem_Code=C1&logpath=1
"병원 개발자 OCS, EMR, MIS",㈜멘토소프트,대구 남구 외,https://www.jobkorea.co.kr//Recruit/GI_Read/34505551?Oem_Code=C1&logpath=1
SW개발 신입/경력 직원 모집,㈜오픈에스지,경기 이천시 외,https://www.jobkorea.co.kr//Recruit/GI_Read/34439747?Oem_Code=C1&logpath=1
응용 프로그램 개발 신입 및 경력사원 채용,㈜미래로시스템,경기 용인시,https://www.jobkorea.co.kr//Recruit/GI_Read/33874839?Oem_Code=C1&logpath=1
다수 프로젝트 개발과제 (하기참조),㈜디지토피아,서울 금천구 외,https://www.jobkorea.co.kr//Recruit/GI_Read/34641203?Oem_Code=C1&logpath=1
"(체재비,일비지급) 구미 LG이노텍 C#, MES 채용",㈜고려진단,경북 구미시 외,https://www.jobkorea.co.kr//Recruit/GI_Read/34633043?Oem_Code=C1&logpath=1
.NET/C# 정규직 채용(경력),㈜플랜티엠,경기 성남시,https://www.jobkorea.co.kr//Recruit/GI_Read/34623341?Oem_Code=C1&logpath=1
[EMS개발팀] 에너지관리 시스템 C# 개발 경력자 모집,비엠티,서울 금천구,https://www.jobkorea.co.kr//Recruit/GI_Read/34619336?Oem_Code=C1&logpath=1
"[상암,오창,청주] c# MES 개발과제 (하기참조)",디지토피아,서울 금천구 외,https://www.jobkorea.co.kr//Recruit/GI_Read/34619073?Oem_Code=C1&logpath=1
"[상암,오창,청주 등]  대기업 개발과제 (하기참조)",디지토피아,서울 금천구 외,https://www.jobkorea.co.kr//Recruit/GI_Read/34619028?Oem_Code=C1&logpath=1
"04월29일업무-여의증권사c금융경험자, 을지로android ios경험자, 송파가락분당야탑그외지역정직원채용대행건 java c# c , 여의증권사 시세 주가지수업무경험자 unix to linux업무,  전남나주생명보험차세대 서울가산으로 7 8월이동 그외 여러건",㈜서울시스템서비스,서울 중구 외,https://www.jobkorea.co.kr//Recruit/GI_Read/34612673?Oem_Code=C1&logpath=1
(주)에스지헬스케어 의료영상 SW개발 부문(경력) 채용,㈜에스지헬스케어,서울 송파구,https://www.jobkorea.co.kr//Recruit/GI_Read/34599665?Oem_Code=C1&logpath=1
개발자(신입·경력) 및 웹기획자(경력) 채용,㈜스마틱스,서울 영등포구,https://www.jobkorea.co.kr//Recruit/GI_Read/34599173?Oem_Code=C1&logpath=1
"windows 기반 응용 SW 개발, Web개발",아이지,경기 성남시,https://www.jobkorea.co.kr//Recruit/GI_Read/34598985?Oem_Code=C1&logpath=1
"인터페이스 연동개발 업무 C#, .Net (면접비 지급)",㈜클라모스,서울 구로구 외,https://www.jobkorea.co.kr//Recruit/GI_Read/34596950?Oem_Code=C1&logpath=1
(주)하우리 백신소프트웨어 관리/시스템/응용/드라이버/엔진 개발자/악성코드 분석가 모집,㈜하우리,서울 동작구,https://www.jobkorea.co.kr//Recruit/GI_Read/34593535?Oem_Code=C1&logpath=1
검사기술팀 S/W Engineer 정규직 채용,㈜뮤텍코리아,서울 금천구,https://www.jobkorea.co.kr//Recruit/GI_Read/34590204?Oem_Code=C1&logpath=1
"04월29일업무- 시청카드사채널설계개발java프로젝트 금융경험만필수,  판교장기보험또는보험설계가능자 계리 가입설계 청약 배서 입금 지급 그외 다수업무, 서울역nexacro경험자 보험경험불필요 그외 여러건",㈜서울시스템서비스,서울 중구 외,https://www.jobkorea.co.kr//Recruit/GI_Read/34589198?Oem_Code=C1&logpath=1
Windows 어플리케이션 개발자 채용 (C#),㈜벡터시스,경기 용인시,https://www.jobkorea.co.kr//Recruit/GI_Read/34588630?Oem_Code=C1&logpath=1
인공지능 진단 소프트웨어 UI/UX 개발자 모집,㈜허니냅스,서울 강남구,https://www.jobkorea.co.kr//Recruit/GI_Read/34587665?Oem_Code=C1&logpath=1
"C# ,.NET기반 키오스크 운영시스템 개발 및 운영",㈜돌핀씨앤씨,서울 노원구 외,https://www.jobkorea.co.kr//Recruit/GI_Read/34586781?Oem_Code=C1&logpath=1
대화형 AI 기반 스마트 병원 솔루션 및 서비스 개발자(C#),㈜카부,서울 서초구,https://www.jobkorea.co.kr//Recruit/GI_Read/34586571?Oem_Code=C1&logpath=1
팀장급 SW 개발자 채용,㈜벡터시스,경기 용인시,https://www.jobkorea.co.kr//Recruit/GI_Read/34584206?Oem_Code=C1&logpath=1
"호텔 솔루션 개발 및 유지보수 (C#, VB)",㈜산하정보기술,서울 금천구,https://www.jobkorea.co.kr//Recruit/GI_Read/34579417?Oem_Code=C1&logpath=1
2021년 SW 개발 부문 신입 및 경력사원 모집,㈜컨텍,대전 유성구,https://www.jobkorea.co.kr//Recruit/GI_Read/34579144?Oem_Code=C1&logpath=1
"신입 개발자 채용(Java, C#, 솔루션)",Enssel㈜,경기 성남시,https://www.jobkorea.co.kr//Recruit/GI_Read/34579041?Oem_Code=C1&logpath=1
"경력 개발자 채용(Java, C#, 솔루션)",Enssel㈜,경기 성남시,https://www.jobkorea.co.kr//Recruit/GI_Read/34579020?Oem_Code=C1&logpath=1
(주)휴라 소프트웨어 개발자 채용,휴라,대전 유성구 외,https://www.jobkorea.co.kr//Recruit/GI_Read/34576188?Oem_Code=C1&logpath=1
하드웨어 / 소프트웨어 개발자 모집,㈜시스코어,경기 용인시,https://www.jobkorea.co.kr//Recruit/GI_Read/34574887?Oem_Code=C1&logpath=1
"JAVA 웹개발, UI/UX, 시스템 개발 C# 채용",세인트시큐리티,서울 강남구,https://www.jobkorea.co.kr//Recruit/GI_Read/34570965?Oem_Code=C1&logpath=1
경력직 응용프로그램 및 웹 개발 채용,이노소프트,서울 금천구 외,https://www.jobkorea.co.kr//Recruit/GI_Read/34570895?Oem_Code=C1&logpath=1
JAVA 개발경력자를 모집합니다(이천),아이티엠커뮤니케이션㈜,경기 이천시 외,https://www.jobkorea.co.kr//Recruit/GI_Read/34568238?Oem_Code=C1&logpath=1
[망고슬래브]모바일 앱 개발자 모집,망고슬래브㈜,경기 성남시,https://www.jobkorea.co.kr//Recruit/GI_Read/34557313?Oem_Code=C1&logpath=1
[망고슬래브]F/W개발 엔지니어 모집,망고슬래브㈜,경기 성남시,https://www.jobkorea.co.kr//Recruit/GI_Read/34557306?Oem_Code=C1&logpath=1
기술연구소 개발자 채용(영상인식 분야/통신 분야),유니콤넷,서울 구로구,https://www.jobkorea.co.kr//Recruit/GI_Read/34551943?Oem_Code=C1&logpath=1
자동화 장비 [제어 및 머신비젼 프로그래머] 모집,㈜제이티아이,경기 화성시,https://www.jobkorea.co.kr//Recruit/GI_Read/34548889?Oem_Code=C1&logpath=1
[한네트] 개발팀 모집공고,㈜한네트,서울 마포구,https://www.jobkorea.co.kr//Recruit/GI_Read/34542708?Oem_Code=C1&logpath=1
[망고슬래브] 부문별 신입/경력 채용,망고슬래브㈜,경기 성남시,https://www.jobkorea.co.kr//Recruit/GI_Read/34544981?Oem_Code=C1&logpath=1
SI 프로젝트 개발자 모집합니다.,㈜텐비트,서울 금천구 외,https://www.jobkorea.co.kr//Recruit/GI_Read/34539803?Oem_Code=C1&logpath=1
"채용공고 - 영업, 컨설팅, 개발 인재발굴 프로젝트",㈜두나정보기술,인천 미추홀구,https://www.jobkorea.co.kr//Recruit/GI_Read/34531344?Oem_Code=C1&logpath=1
(주)브로드씨엔에스 2021년 정규직 경력직 모집,브로드씨엔에스,서울 구로구 외,https://www.jobkorea.co.kr//Recruit/GI_Read/34530456?Oem_Code=C1&logpath=1
기술연구소 응용프로그램 개발 경력직 채용,㈜솔루윈스,부산 해운대구,https://www.jobkorea.co.kr//Recruit/GI_Read/34505152?Oem_Code=C1&logpath=1
"C#, .net 개발/운영 신입/경력사원 모집",위쉬정보기술㈜,경기 성남시 외,https://www.jobkorea.co.kr//Recruit/GI_Read/34502609?Oem_Code=C1&logpath=1
2021 상반기 SW개발 경력직 모집,투아이시스㈜,경기 광명시 외,https://www.jobkorea.co.kr//Recruit/GI_Read/34484366?Oem_Code=C1&logpath=1
[06개월] 추가 페이지 개발,웹크루트,서울 송파구,https://www.jobkorea.co.kr//Recruit/GI_Read/34480391?Oem_Code=C1&logpath=1
iOS/Android/자바/닷넷/앱/웹 개발자 모집,메디에이지,경기 성남시,https://www.jobkorea.co.kr//Recruit/GI_Read/34479934?Oem_Code=C1&logpath=1
(주)담스테크 신입 및 경력사원 채용,담스테크,경기 성남시 외,https://www.jobkorea.co.kr//Recruit/GI_Read/34471067?Oem_Code=C1&logpath=1
솔루션 사업부 프로그래머 구인,㈜카스시스템,경기 화성시,https://www.jobkorea.co.kr//Recruit/GI_Read/34461772?Oem_Code=C1&logpath=1
전기차 충전기 응용 소프트웨어 개발자 모집,태성콘텍,경기 광명시,https://www.jobkorea.co.kr//Recruit/GI_Read/34460250?Oem_Code=C1&logpath=1
[마켓비] 홈퍼니싱 브랜드 C# 개발자 채용공고,㈜마켓비,경기 파주시,https://www.jobkorea.co.kr//Recruit/GI_Read/34454765?Oem_Code=C1&logpath=1
[ IT ] 웹 / 앱 개발팀 신입 / 경력 사원 모십니다.,(주)달소프트,서울 금천구,https://www.jobkorea.co.kr//Recruit/GI_Read/34453994?Oem_Code=C1&logpath=1
(주)한컴위드 각 부문 경력직 채용,주식회사 한컴위드,경기 성남시,https://www.jobkorea.co.kr//Recruit/GI_Read/34429065?Oem_Code=C1&logpath=1
[정규직] 소프트웨어 개발 경력직 채용,네오하이테크,경기 군포시 외,https://www.jobkorea.co.kr//Recruit/GI_Read/34440903?Oem_Code=C1&logpath=1
연구소 SW 솔루션 개발자 채용,㈜남강하이테크,경기 성남시,https://www.jobkorea.co.kr//Recruit/GI_Read/34436726?Oem_Code=C1&logpath=1
테크하임주식회사 .NET 개발자 모집 (사원/대리),테크하임㈜,서울 서초구,https://www.jobkorea.co.kr//Recruit/GI_Read/34433281?Oem_Code=C1&logpath=1
응용프로그램(Windows/C·C++/C# 부문) 개발자 채용,렉스젠,서울 송파구 외,https://www.jobkorea.co.kr//Recruit/GI_Read/34429358?Oem_Code=C1&logpath=1
"2021년 부문별(모바일 앱 기획 및 안드로이드, C# 개발) 모집",제이스퓨처,서울 구로구 외,https://www.jobkorea.co.kr//Recruit/GI_Read/34409621?Oem_Code=C1&logpath=1
"[펨트론] 응용프로그래머 및 머신비전, 알고리즘,영상처리 개발자",㈜펨트론,서울 금천구,https://www.jobkorea.co.kr//Recruit/GI_Read/34401686?Oem_Code=C1&logpath=1
[씨유박스] 개발자 정규직 채용 공고 (경력자),㈜씨유박스,서울 금천구,https://www.jobkorea.co.kr//Recruit/GI_Read/34398014?Oem_Code=C1&logpath=1
`21년 뮤텍코리아 상반기 신입/경력 모집 공고,㈜뮤텍코리아,서울 금천구,https://www.jobkorea.co.kr//Recruit/GI_Read/34384901?Oem_Code=C1&logpath=1
(주)알큐브 개발PL/ iOS 앱/ Android 앱/ 웹 프론트엔드 개발자 채용,알큐브,서울 강남구,https://www.jobkorea.co.kr//Recruit/GI_Read/34383987?Oem_Code=C1&logpath=1
[주식회사 쏘마] 2021 각 분야 정규직 채용,㈜쏘마,경기 성남시,https://www.jobkorea.co.kr//Recruit/GI_Read/34380741?Oem_Code=C1&logpath=1
RNDPLUS 연구개발 신입/경력모집,㈜알엔디플러스,경기 고양시,https://www.jobkorea.co.kr//Recruit/GI_Read/34324998?Oem_Code=C1&logpath=1
소프트웨어 개발 경력자 추가모집,㈜위슨테크놀로지,서울 금천구,https://www.jobkorea.co.kr//Recruit/GI_Read/34320501?Oem_Code=C1&logpath=1
응용프로그래머 개발자 모집,㈜씨피에스,경기 수원시,https://www.jobkorea.co.kr//Recruit/GI_Read/34281858?Oem_Code=C1&logpath=1
C/C++/C# 개발자 공개채용,㈜비에네스소프트,서울 구로구 외,https://www.jobkorea.co.kr//Recruit/GI_Read/34279150?Oem_Code=C1&logpath=1
"C#,  C++,  M&S,  CATIA 엔지니어 신입/경력자 채용 공고",㈜지디엘시스템,대전 유성구,https://www.jobkorea.co.kr//Recruit/GI_Read/34246836?Oem_Code=C1&logpath=1
Application Engineer - Tech Lead,세이지리서치㈜,서울 서초구,https://www.jobkorea.co.kr//Recruit/GI_Read/34220870?Oem_Code=C1&logpath=1
R&D 경력직모집(임베디드 프로그래밍 & Windows/Android앱),㈜보라스카이,경기 화성시,https://www.jobkorea.co.kr//Recruit/GI_Read/34210067?Oem_Code=C1&logpath=1
연구소 신규직원 채용,㈜누리콘,경기 성남시,https://www.jobkorea.co.kr//Recruit/GI_Read/34201507?Oem_Code=C1&logpath=1
"[정규직]C#/Python 신입, 경력 개발자분 모십니다.",㈜로딕스,서울 성동구 외,https://www.jobkorea.co.kr//Recruit/GI_Read/34184302?Oem_Code=C1&logpath=1
프로그램 개발(.NET / C#) 정규직 직원 모집합니다.,㈜오라인포,서울 금천구,https://www.jobkorea.co.kr//Recruit/GI_Read/34182994?Oem_Code=C1&logpath=1
(주)프라이빗테크놀로지 2021년 경력직 채용,프라이빗테크놀로지㈜,서울 관악구 외,https://www.jobkorea.co.kr//Recruit/GI_Read/34170076?Oem_Code=C1&logpath=1
"[[배달앱]] 배달 /커머스-APP/웹 개발IT (경력직, 강남)",㈜먼슬리키친,서울 강남구 외,https://www.jobkorea.co.kr//Recruit/GI_Read/34165225?Oem_Code=C1&logpath=1
외식프랜차이즈] IT/개발 - 배달앱/모바일앱/이커머스웹 개발자 채용,뱅 (Vang),서울 강남구 외,https://www.jobkorea.co.kr//Recruit/GI_Read/34165072?Oem_Code=C1&logpath=1
엔진 자동화 개발자 채용,쿼터백그룹,서울 영등포구,https://www.jobkorea.co.kr//Recruit/GI_Read/34161714?Oem_Code=C1&logpath=1
Windows 응용프로그램 개발자 모집,지니원시스템즈,경기 성남시,https://www.jobkorea.co.kr//Recruit/GI_Read/34128946?Oem_Code=C1&logpath=1
[시메이션] 자사 솔루션 기술연구소 / 솔루션사업부 모집 공고,㈜시메이션,서울 금천구,https://www.jobkorea.co.kr//Recruit/GI_Read/34100652?Oem_Code=C1&logpath=1
Windows 어플리케이션 개발 및 유지보수,㈜코셈,경기 화성시,https://www.jobkorea.co.kr//Recruit/GI_Read/34096980?Oem_Code=C1&logpath=1
연구개발(소프트웨어/하드웨어/펌웨어) 직원 모집,대영채비㈜,경기,https://www.jobkorea.co.kr//Recruit/GI_Read/34093850?Oem_Code=C1&logpath=1
개발PL/ 프론트 엔드 개발자 채용,㈜피니뷰,서울 강남구,https://www.jobkorea.co.kr//Recruit/GI_Read/34087328?Oem_Code=C1&logpath=1
"SW 개발자 모집(JAVA, C#)",상상인테크㈜,경기 성남시,https://www.jobkorea.co.kr//Recruit/GI_Read/34083494?Oem_Code=C1&logpath=1
프로그램 개발팀 및 설치팀 채용,㈜공간소프트,경기 안성시 외,https://www.jobkorea.co.kr//Recruit/GI_Read/34036247?Oem_Code=C1&logpath=1
"JAVA, C, C++, C# 개발자 채용",㈜한국플랫폼서비스기술,대전 서구,https://www.jobkorea.co.kr//Recruit/GI_Read/34018155?Oem_Code=C1&logpath=1
[외국계기업] 연구소 소프트웨어 엔지니어(Software Engineer) 채용,헬러 코리아,경기 성남시 외,https://www.jobkorea.co.kr//Recruit/GI_Read/34004969?Oem_Code=C1&logpath=1
C# 개발자 모집,트라이언소프트㈜,서울 강남구,https://www.jobkorea.co.kr//Recruit/GI_Read/34003049?Oem_Code=C1&logpath=1
"App/C#개발, SW서비스/UI기획, 고객지원 모집",㈜오에이전자,서울 구로구 외,https://www.jobkorea.co.kr//Recruit/GI_Read/33994931?Oem_Code=C1&logpath=1
(주)필라넷 .NET 웹 개발자 채용 (정규직),㈜필라넷,서울 성동구,https://www.jobkorea.co.kr//Recruit/GI_Read/33993360?Oem_Code=C1&logpath=1
[티앤테크] 솔루션개발팀 소프트웨어 신입 개발자 모집,㈜티앤테크,대구 전지역 외,https://www.jobkorea.co.kr//Recruit/GI_Read/33918570?Oem_Code=C1&logpath=1
광학 시뮬레이션 프로그램 개발 신입 및 경력사원 채용,㈜미래로시스템,경기 용인시,https://www.jobkorea.co.kr//Recruit/GI_Read/33874846?Oem_Code=C1&logpath=1
3D 스캐너 SW 개발 부문,㈜에이치비티,경기 성남시,https://www.jobkorea.co.kr//Recruit/GI_Read/33834311?Oem_Code=C1&logpath=1
원격 모니터링 솔루션 개발자 채용,시스트로닉스㈜,경기 부천시,https://www.jobkorea.co.kr//Recruit/GI_Read/33814851?Oem_Code=C1&logpath=1
(주)필라넷 경력직 엔지니어 채용 [수원 영통 근무 가능자],㈜필라넷,서울 성동구 외,https://www.jobkorea.co.kr//Recruit/GI_Read/33812382?Oem_Code=C1&logpath=1
스타트업 밴처기업에서 개발자를 모십니다.,㈜플러스파크,서울 강남구,https://www.jobkorea.co.kr//Recruit/GI_Read/33809899?Oem_Code=C1&logpath=1
"[반도체 장비 제조사 ] GUI,UI,WPF 개발자",중견기업(300명이상),경기 화성시,https://www.jobkorea.co.kr//Recruit/GI_Read/34243619?PageGbn=HH&logpath=1
"[경력] C++(MFC), C#(WPF or Winform) 기반 SI개발 PM/PL - 군포 근무",중소기업(300명이하),경기 군포시,https://www.jobkorea.co.kr//Recruit/GI_Read/34617434?PageGbn=HH&logpath=1
[임플란트 전문 중견기업] 정형외과용 3D Viewer SW 개발(6년 이상),중견기업(300명이상),경기 전지역,https://www.jobkorea.co.kr//Recruit/GI_Read/34557811?PageGbn=HH&logpath=1
의료용 Image 프로그램  개발 인재 채용,중소기업(300명이하),경기 성남시,https://www.jobkorea.co.kr//Recruit/GI_Read/34439177?PageGbn=HH&logpath=1
[임플란트 전문 중견기업] 정형외과용 3D Viewer SW 개발(경력 4년 이상),중견기업(300명이상),경기 전지역,https://www.jobkorea.co.kr//Recruit/GI_Read/34349338?PageGbn=HH&logpath=1
SI (System Integration) PM/PL,중소기업(300명이하),경기 군포시,https://www.jobkorea.co.kr//Recruit/GI_Read/34627367?PageGbn=HH&logpath=1
[강남/디지털헬스케어기업] 디바이스 펌웨어 개발,벤처기업,서울 강남구,https://www.jobkorea.co.kr//Recruit/GI_Read/34600369?PageGbn=HH&logpath=1
대기업 계열사 중견기업에서 SW개발 3년 이상 경력자를 모집합니다.,중견기업(300명이상),대구 전지역,https://www.jobkorea.co.kr//Recruit/GI_Read/34597565?PageGbn=HH&logpath=1
"정밀광학/계측기기 전문기업 [광학 검사 S/W 개발 및 현장 적용 - 경력 3년 이상, 금천구]",중소기업(300명이하),서울 금천구,https://www.jobkorea.co.kr//Recruit/GI_Read/34572675?PageGbn=HH&logpath=1
"산업용 로봇 전문기업, 응용프로그램 개발 경력자 모집",중소기업(300명이하),경기 안양시,https://www.jobkorea.co.kr//Recruit/GI_Read/34558906?PageGbn=HH&logpath=1
SW FW 주임-대리 자동화시스템 설계 24,중견기업(300명이상),대구 달서구,https://www.jobkorea.co.kr//Recruit/GI_Read/34538251?PageGbn=HH&logpath=1
외국계 반도체전공정장비 Software Manager 부장급 구함(굿커리어),외국계 기업,경기 전지역,https://www.jobkorea.co.kr//Recruit/GI_Read/34533904?PageGbn=HH&logpath=1
의료영상기기 S/W개발 (경력 2년-),중소기업(300명이하),경기 안양시,https://www.jobkorea.co.kr//Recruit/GI_Read/34523814?PageGbn=HH&logpath=1
[모바일서비스기업] 닷넷기반 SW개발,[모바일서비스기업] 닷넷기반 SW개발,서울 영등포구,https://www.jobkorea.co.kr//Recruit/GI_Read/34458790?PageGbn=HH&logpath=1
전력장치 GUI 개발 경력직 초빙,중견기업(300명이상),경기 화성시,https://www.jobkorea.co.kr//Recruit/GI_Read/34436229?PageGbn=HH&logpath=1
백엔드개발(.NET) 채용,중소기업(300명이하),경기 성남시,https://www.jobkorea.co.kr//Recruit/GI_Read/34325820?PageGbn=HH&logpath=1
[헤딩/(주)메디에이지] 빅데이터팀(과장/대리),중소기업(300명이하),경기 성남시,https://www.jobkorea.co.kr//Recruit/GI_Read/34303292?PageGbn=HH&logpath=1
"[헤딩/(주)메디에이지] 빅데이터팀(차/부장,팀장)",중소기업(300명이하),경기 전지역,https://www.jobkorea.co.kr//Recruit/GI_Read/34300472?PageGbn=HH&logpath=1
Windows응용프로그램개발 (경력 2년-),중소기업(300명이하),경기 안양시,https://www.jobkorea.co.kr//Recruit/GI_Read/34290187?PageGbn=HH&logpath=1
[상장사] 단층촬영장치(CT) 제어 S/W 개발,중견기업(300명이상),경기 수원시,https://www.jobkorea.co.kr//Recruit/GI_Read/34279983?PageGbn=HH&logpath=1
의료 빅데이터기반 서비스Platform 개발,중소기업(300명이하),경기 전지역,https://www.jobkorea.co.kr//Recruit/GI_Read/34262585?PageGbn=HH&logpath=1
.Net(닷넷) 기반 응용 개발자,중견기업(300명이상),서울 송파구,https://www.jobkorea.co.kr//Recruit/GI_Read/33969803?PageGbn=HH&logpath=1
C#(WPF)&ASP.Net or Apache Tomcat 프로그래머 경력,㈜엠라인스튜디오,서울 강남구,https://www.gamejob.co.kr/List_GI/GIB_Read.asp?GI_No=187494
